ticker,ipo_date,board_note
AALI,09 Des 1997,UTAMA
ABBA,2002-04-03 00:00:00,PEMANTAUAN KHUSUS
ABDA,1989-07-06 00:00:00,PEMANTAUAN KHUSUS
ABMM,06 Des 2011,UTAMA
ACES,2007-11-06 00:00:00,UTAMA
ACST,2013-06-24 00:00:00,PENGEMBANGAN
ADES,1994-06-13 00:00:00,PENGEMBANGAN
ADHI,2004-03-18 00:00:00,UTAMA
AISA,1997-06-11 00:00:00,UTAMA
AKKU,2004-11-01 00:00:00,PEMANTAUAN KHUSUS
AKPI,18 Des 1992,PENGEMBANGAN
AKRA,03 Okt 1994,UTAMA
AKSI,2001-07-13 00:00:00,PENGEMBANGAN
ALDO,2011-07-12 00:00:00,PENGEMBANGAN
ALKA,1990-07-12 00:00:00,PENGEMBANGAN
ALMI,1997-01-02 00:00:00,PEMANTAUAN KHUSUS
ALTO,2012-07-10 00:00:00,PEMANTAUAN KHUSUS
AMAG,23 Des 2005,PENGEMBANGAN
AMFG,1995-11-08 00:00:00,PENGEMBANGAN
AMIN,10 Des 2015,PENGEMBANGAN
AMRT,2009-01-15 00:00:00,UTAMA
ANJT,08 Mei 2013,PENGEMBANGAN
ANTM,1997-11-27 00:00:00,UTAMA
APEX,2013-06-05 00:00:00,PENGEMBANGAN
APIC,18 Des 2002,PENGEMBANGAN
APII,29 Okt 2013,PENGEMBANGAN
APLI,01 Mei 2000,PENGEMBANGAN
APLN,2010-11-11 00:00:00,UTAMA
ARGO,1991-01-07 00:00:00,PENGEMBANGAN
ARII,2011-11-08 00:00:00,PENGEMBANGAN
ARNA,2001-07-17 00:00:00,UTAMA
ARTA,2002-11-05 00:00:00,PENGEMBANGAN
ARTI,2003-04-30 00:00:00,PEMANTAUAN KHUSUS
ARTO,2016-01-12 00:00:00,UTAMA
ASBI,1989-11-29 00:00:00,PENGEMBANGAN
ASDM,15 Des 1989,PENGEMBANGAN
ASGR,1989-11-15 00:00:00,UTAMA
ASII,1990-04-04 00:00:00,UTAMA
ASJT,23 Des 2003,PENGEMBANGAN
ASMI,2014-01-16 00:00:00,PEMANTAUAN KHUSUS
ASRI,18 Des 2007,UTAMA
ASRM,1990-03-19 00:00:00,PENGEMBANGAN
ASSA,2012-11-12 00:00:00,UTAMA
ATIC,2015-07-08 00:00:00,PENGEMBANGAN
AUTO,1998-06-15 00:00:00,UTAMA
BABP,2002-07-15 00:00:00,PENGEMBANGAN
BACA,04 Okt 2007,UTAMA
BAJA,21 Des 2011,PENGEMBANGAN
BALI,2014-03-13 00:00:00,UTAMA
BAPA,2008-01-14 00:00:00,PENGEMBANGAN
BATA,1982-03-24 00:00:00,PEMANTAUAN KHUSUS
BAYU,30 Okt 1989,UTAMA
BBCA,31 Mei 2000,UTAMA
BBHI,12 Agt 2015,UTAMA
BBKP,2006-07-10 00:00:00,PENGEMBANGAN
BBLD,07 Mei 1990,PENGEMBANGAN
BBMD,2013-07-08 00:00:00,PENGEMBANGAN
BBNI,1996-11-25 00:00:00,UTAMA
BBRI,2003-11-10 00:00:00,UTAMA
BBRM,2013-01-09 00:00:00,PEMANTAUAN KHUSUS
BBTN,17 Des 2009,UTAMA
BBYB,2015-01-13 00:00:00,UTAMA
BCAP,2001-06-08 00:00:00,UTAMA
BCIC,1997-06-25 00:00:00,PENGEMBANGAN
BCIP,11 Des 2009,PENGEMBANGAN
BDMN,06 Des 1989,UTAMA
BEKS,2001-07-13 00:00:00,PEMANTAUAN KHUSUS
BEST,2012-04-10 00:00:00,UTAMA
BFIN,16 Mei 1990,UTAMA
BGTG,12 Mei 2016,UTAMA
BHIT,1997-11-24 00:00:00,PEMANTAUAN KHUSUS
BIKA,2015-07-14 00:00:00,PEMANTAUAN KHUSUS
BIMA,30 Agt 1994,PEMANTAUAN KHUSUS
BINA,2014-01-16 00:00:00,UTAMA
BIPI,2010-02-11 00:00:00,PENGEMBANGAN
BIPP,23 Okt 1995,PEMANTAUAN KHUSUS
BIRD,2014-11-05 00:00:00,UTAMA
BISI,28 Mei 2007,UTAMA
BJBR,2010-07-08 00:00:00,UTAMA
BJTM,2012-07-12 00:00:00,UTAMA
BKDP,2007-06-15 00:00:00,PEMANTAUAN KHUSUS
BKSL,1997-07-28 00:00:00,UTAMA
BKSW,2002-11-21 00:00:00,PENGEMBANGAN
BLTA,1990-03-26 00:00:00,PEMANTAUAN KHUSUS
BLTZ,2014-04-10 00:00:00,PEMANTAUAN KHUSUS
BMAS,2013-07-11 00:00:00,PENGEMBANGAN
BMRI,2003-07-14 00:00:00,UTAMA
BMSR,29 Des 1999,PENGEMBANGAN
BMTR,1995-07-17 00:00:00,UTAMA
BNBA,2006-06-01 00:00:00,PENGEMBANGAN
BNBR,28 Agt 1989,PEMANTAUAN KHUSUS
BNGA,1989-11-29 00:00:00,UTAMA
BNII,1989-11-21 00:00:00,UTAMA
BNLI,1990-01-15 00:00:00,UTAMA
BOLT,2015-07-07 00:00:00,PENGEMBANGAN
BPFI,2009-06-01 00:00:00,PENGEMBANGAN
BPII,2014-07-08 00:00:00,PENGEMBANGAN
BRAM,1990-09-05 00:00:00,PENGEMBANGAN
BRMS,09 Des 2010,UTAMA
BRNA,1989-11-06 00:00:00,PENGEMBANGAN
BRPT,01 Okt 1993,UTAMA
BSDE,2008-06-06 00:00:00,UTAMA
BSIM,13 Des 2010,UTAMA
BSSR,2012-11-08 00:00:00,PENGEMBANGAN
BSWD,01 Mei 2002,PEMANTAUAN KHUSUS
BTEK,14 Mei 2004,PEMANTAUAN KHUSUS
BTEL,2006-02-03 00:00:00,PEMANTAUAN KHUSUS
BTON,2001-07-18 00:00:00,PENGEMBANGAN
BTPN,2008-03-12 00:00:00,UTAMA
BUDI,08 Mei 1995,UTAMA
BUKK,2015-06-29 00:00:00,UTAMA
BULL,23 Mei 2011,PENGEMBANGAN
BUMI,1990-07-30 00:00:00,UTAMA
BUVA,2010-07-12 00:00:00,PENGEMBANGAN
BVIC,1999-06-30 00:00:00,UTAMA
BWPT,27 Okt 2009,UTAMA
BYAN,12 Agt 2008,UTAMA
CANI,2014-01-16 00:00:00,PEMANTAUAN KHUSUS
CASS,05 Des 2011,UTAMA
CEKA,1996-07-09 00:00:00,PENGEMBANGAN
CENT,2001-11-01 00:00:00,PENGEMBANGAN
CFIN,27 Agt 1990,UTAMA
CINT,2014-06-27 00:00:00,PENGEMBANGAN
CITA,2002-03-20 00:00:00,UTAMA
CLPI,2001-11-30 00:00:00,PENGEMBANGAN
CMNP,1995-01-10 00:00:00,UTAMA
CMPP,08 Des 1994,PEMANTAUAN KHUSUS
CNKO,2001-11-20 00:00:00,PEMANTAUAN KHUSUS
CNTX,22 Mei 1979,PEMANTAUAN KHUSUS
COWL,19 Des 2007,PEMANTAUAN KHUSUS
CPIN,1991-03-18 00:00:00,UTAMA
CPRO,2006-11-28 00:00:00,PENGEMBANGAN
CSAP,12 Des 2007,PENGEMBANGAN
CTBN,1989-11-28 00:00:00,PENGEMBANGAN
CTRA,1994-03-28 00:00:00,UTAMA
CTTH,1996-07-03 00:00:00,PENGEMBANGAN
DART,08 Mei 1990,PENGEMBANGAN
DEFI,2001-07-06 00:00:00,PENGEMBANGAN
DEWA,2007-09-26 00:00:00,UTAMA
DGIK,19 Des 2007,PENGEMBANGAN
DILD,1991-09-04 00:00:00,UTAMA
DKFT,1997-11-21 00:00:00,PENGEMBANGAN
DLTA,1984-02-27 00:00:00,UTAMA
DMAS,29 Mei 2015,UTAMA
DNAR,2014-07-11 00:00:00,PENGEMBANGAN
DNET,11 Des 2000,UTAMA
DOID,2001-06-15 00:00:00,UTAMA
DPNS,08 Agt 1990,PENGEMBANGAN
DSFI,2000-03-24 00:00:00,PENGEMBANGAN
DSNG,2013-06-14 00:00:00,UTAMA
DSSA,10 Des 2009,UTAMA
DUTI,1994-11-02 00:00:00,PENGEMBANGAN
DVLA,1994-11-11 00:00:00,PENGEMBANGAN
DYAN,2013-03-25 00:00:00,PENGEMBANGAN
ECII,2013-07-03 00:00:00,PENGEMBANGAN
EKAD,14 Agt 1990,PENGEMBANGAN
ELSA,2008-02-06 00:00:00,UTAMA
ELTY,30 Okt 1995,PEMANTAUAN KHUSUS
EMDE,2011-01-12 00:00:00,PENGEMBANGAN
EMTK,2010-01-12 00:00:00,UTAMA
ENRG,2004-06-07 00:00:00,UTAMA
EPMT,01 Agt 1994,PENGEMBANGAN
ERAA,14 Des 2011,UTAMA
ERTX,21 Agt 1990,PENGEMBANGAN
ESSA,2012-02-01 00:00:00,UTAMA
ESTI,13 Okt 1992,PENGEMBANGAN
ETWA,16 Mei 1997,PEMANTAUAN KHUSUS
EXCL,2005-09-29 00:00:00,UTAMA
FAST,11 Mei 1993,PENGEMBANGAN
FASW,19 Des 1994,PEMANTAUAN KHUSUS
FISH,2002-01-18 00:00:00,PENGEMBANGAN
FMII,2000-06-30 00:00:00,PENGEMBANGAN
FORU,2002-01-17 00:00:00,PENGEMBANGAN
FPNI,2002-03-21 00:00:00,PENGEMBANGAN
GAMA,2012-07-11 00:00:00,PEMANTAUAN KHUSUS
GDST,23 Des 2009,PENGEMBANGAN
GDYR,22 Des 1980,PENGEMBANGAN
GEMA,12 Agt 2002,PENGEMBANGAN
GEMS,2011-11-17 00:00:00,UTAMA
GGRM,27 Agt 1990,UTAMA
GIAA,2011-02-11 00:00:00,PEMANTAUAN KHUSUS
GJTL,08 Mei 1990,UTAMA
GLOB,2012-07-10 00:00:00,PEMANTAUAN KHUSUS
GMTD,11 Des 2000,PENGEMBANGAN
GOLD,2010-07-07 00:00:00,PENGEMBANGAN
GOLL,23 Des 2014,PEMANTAUAN KHUSUS
GPRA,10 Okt 2007,PENGEMBANGAN
GSMF,23 Okt 1989,PENGEMBANGAN
GTBO,2009-07-09 00:00:00,PENGEMBANGAN
GWSA,23 Des 2011,UTAMA
GZCO,15 Mei 2008,PENGEMBANGAN
HADE,2004-04-12 00:00:00,PEMANTAUAN KHUSUS
HDFA,10 Mei 2011,PENGEMBANGAN
HERO,21 Agt 1989,PENGEMBANGAN
HEXA,1995-02-13 00:00:00,UTAMA
HITS,15 Des 1997,PEMANTAUAN KHUSUS
HMSP,15 Agt 1990,UTAMA
HOME,2008-07-17 00:00:00,PEMANTAUAN KHUSUS
HOTL,2013-01-10 00:00:00,PEMANTAUAN KHUSUS
HRUM,06 Okt 2010,UTAMA
IATA,2006-09-13 00:00:00,PENGEMBANGAN
IBFN,22 Des 2014,PEMANTAUAN KHUSUS
IBST,31 Agt 2012,PEMANTAUAN KHUSUS
ICBP,07 Okt 2010,UTAMA
ICON,2005-07-08 00:00:00,PEMANTAUAN KHUSUS
IGAR,1990-11-05 00:00:00,PENGEMBANGAN
IIKP,14 Okt 2002,PEMANTAUAN KHUSUS
IKAI,1997-06-04 00:00:00,PEMANTAUAN KHUSUS
IKBI,1991-01-21 00:00:00,PENGEMBANGAN
IMAS,1993-11-15 00:00:00,UTAMA
IMJS,10 Des 2013,PENGEMBANGAN
IMPC,17 Des 2014,UTAMA
INAF,2001-04-17 00:00:00,PEMANTAUAN KHUSUS
INAI,05 Des 1994,PENGEMBANGAN
INCI,1990-07-24 00:00:00,PENGEMBANGAN
INCO,16 Mei 1990,UTAMA
INDF,1994-07-14 00:00:00,UTAMA
INDR,03 Agt 1990,PENGEMBANGAN
INDS,10 Agt 1990,PENGEMBANGAN
INDX,17 Mei 2001,PENGEMBANGAN
INDY,2008-06-11 00:00:00,UTAMA
INKP,1990-07-16 00:00:00,UTAMA
INPC,23 Agt 1990,UTAMA
INPP,2004-01-12 00:00:00,PENGEMBANGAN
INRU,1990-06-18 00:00:00,PENGEMBANGAN
INTA,23 Agt 1993,PEMANTAUAN KHUSUS
INTD,18 Des 1989,PENGEMBANGAN
INTP,05 Des 1989,UTAMA
IPOL,2010-07-09 00:00:00,PENGEMBANGAN
ISAT,19 Okt 1994,UTAMA
ISSP,2013-02-22 00:00:00,UTAMA
ITMA,10 Des 1990,PENGEMBANGAN
ITMG,18 Des 2007,UTAMA
JAWA,30 Mei 2011,PENGEMBANGAN
JECC,1992-11-18 00:00:00,PENGEMBANGAN
JIHD,1984-02-29 00:00:00,PENGEMBANGAN
JKON,04 Des 2007,UTAMA
JPFA,23 Okt 1989,UTAMA
JRPT,1994-06-29 00:00:00,UTAMA
JSMR,2007-11-12 00:00:00,UTAMA
JSPT,1998-01-12 00:00:00,PENGEMBANGAN
JTPE,2002-04-16 00:00:00,UTAMA
KAEF,2001-07-04 00:00:00,PENGEMBANGAN
KARW,20 Des 1994,PEMANTAUAN KHUSUS
KBLI,1992-07-06 00:00:00,UTAMA
KBLM,1992-06-01 00:00:00,PENGEMBANGAN
KBLV,2000-02-25 00:00:00,PENGEMBANGAN
KBRI,2008-07-11 00:00:00,PEMANTAUAN KHUSUS
KDSI,1996-07-29 00:00:00,PENGEMBANGAN
KIAS,08 Des 1994,PEMANTAUAN KHUSUS
KICI,28 Okt 1993,PENGEMBANGAN
KIJA,1995-01-10 00:00:00,UTAMA
KKGI,1991-07-01 00:00:00,UTAMA
KLBF,1991-07-30 00:00:00,UTAMA
KOBX,2012-07-05 00:00:00,PENGEMBANGAN
KOIN,2008-04-09 00:00:00,PEMANTAUAN KHUSUS
KONI,22 Agt 1995,PENGEMBANGAN
KOPI,04 Mei 2015,PENGEMBANGAN
KPIG,2000-03-30 00:00:00,UTAMA
KRAS,2010-11-10 00:00:00,PENGEMBANGAN
KREN,2002-06-28 00:00:00,PEMANTAUAN KHUSUS
LAPD,2001-07-17 00:00:00,PENGEMBANGAN
LCGP,2007-07-13 00:00:00,PEMANTAUAN KHUSUS
LEAD,11 Des 2013,PENGEMBANGAN
LINK,2014-06-02 00:00:00,PENGEMBANGAN
LION,20 Agt 1993,PENGEMBANGAN
LMAS,28 Des 2001,PEMANTAUAN KHUSUS
LMPI,17 Okt 1994,PENGEMBANGAN
LMSH,1990-06-04 00:00:00,PEMANTAUAN KHUSUS
LPCK,1997-07-24 00:00:00,PENGEMBANGAN
LPGI,1997-07-22 00:00:00,PENGEMBANGAN
LPIN,1990-02-05 00:00:00,PENGEMBANGAN
LPKR,1996-06-28 00:00:00,UTAMA
LPLI,23 Okt 1989,PENGEMBANGAN
LPPF,09 Okt 1989,UTAMA
LPPS,1994-03-28 00:00:00,PENGEMBANGAN
LRNA,2014-04-15 00:00:00,PENGEMBANGAN
LSIP,1996-07-05 00:00:00,UTAMA
LTLS,1997-07-21 00:00:00,UTAMA
MAGP,2013-01-16 00:00:00,PEMANTAUAN KHUSUS
MAIN,2006-02-10 00:00:00,UTAMA
MAPI,2004-11-10 00:00:00,UTAMA
MAYA,29 Agt 1997,UTAMA
MBAP,2014-07-10 00:00:00,PENGEMBANGAN
MBSS,2011-04-06 00:00:00,UTAMA
MBTO,2011-01-13 00:00:00,PENGEMBANGAN
MCOR,2007-07-03 00:00:00,UTAMA
MDIA,2014-04-11 00:00:00,PEMANTAUAN KHUSUS
MDKA,2015-06-19 00:00:00,UTAMA
MDLN,1993-01-18 00:00:00,PENGEMBANGAN
MDRN,1991-07-16 00:00:00,PEMANTAUAN KHUSUS
MEDC,12 Okt 1994,UTAMA
MEGA,2000-04-17 00:00:00,UTAMA
MERK,1981-07-23 00:00:00,PENGEMBANGAN
META,2001-07-18 00:00:00,PEMANTAUAN KHUSUS
MFMI,29 Des 2010,PEMANTAUAN KHUSUS
MGNA,2014-07-08 00:00:00,PENGEMBANGAN
MICE,21 Des 2005,PENGEMBANGAN
MIDI,2010-11-30 00:00:00,UTAMA
MIKA,2015-03-24 00:00:00,UTAMA
MIRA,1997-01-30 00:00:00,PEMANTAUAN KHUSUS
MITI,1997-07-16 00:00:00,PENGEMBANGAN
MKPI,2009-07-10 00:00:00,PENGEMBANGAN
MLBI,15 Des 1981,UTAMA
MLIA,1994-01-17 00:00:00,UTAMA
MLPL,1989-11-06 00:00:00,UTAMA
MLPT,2013-07-08 00:00:00,PENGEMBANGAN
MMLP,2015-06-12 00:00:00,UTAMA
MNCN,2007-06-22 00:00:00,UTAMA
MPMX,29 Mei 2013,UTAMA
MPPA,21 Des 1992,PENGEMBANGAN
MRAT,1995-07-27 00:00:00,PENGEMBANGAN
MREI,1989-09-04 00:00:00,UTAMA
MSKY,2012-07-09 00:00:00,PENGEMBANGAN
MTDL,1990-04-09 00:00:00,UTAMA
MTFN,1990-04-16 00:00:00,PEMANTAUAN KHUSUS
MTLA,2011-06-20 00:00:00,UTAMA
MTSM,1992-01-08 00:00:00,PEMANTAUAN KHUSUS
MYOH,2000-07-27 00:00:00,PENGEMBANGAN
MYOR,1990-07-04 00:00:00,UTAMA
MYTX,10 Okt 1989,PEMANTAUAN KHUSUS
NELY,11 Okt 2012,PENGEMBANGAN
NIKL,14 Des 2009,PENGEMBANGAN
NIRO,2012-09-13 00:00:00,PENGEMBANGAN
NISP,20 Okt 1994,UTAMA
NOBU,20 Mei 2013,PENGEMBANGAN
NRCA,2013-06-27 00:00:00,PENGEMBANGAN
OCAP,10 Okt 2003,PEMANTAUAN KHUSUS
OKAS,2006-03-29 00:00:00,PENGEMBANGAN
OMRE,22 Agt 1994,PEMANTAUAN KHUSUS
PADI,2012-01-09 00:00:00,PENGEMBANGAN
PALM,08 Okt 2012,PENGEMBANGAN
PANR,2001-09-18 00:00:00,UTAMA
PANS,31 Mei 2000,UTAMA
PBRX,16 Agt 1990,PEMANTAUAN KHUSUS
PDES,2008-07-08 00:00:00,PENGEMBANGAN
PEGE,2005-06-24 00:00:00,PENGEMBANGAN
PGAS,15 Des 2003,UTAMA
PGLI,2000-04-05 00:00:00,PENGEMBANGAN
PICO,1996-09-23 00:00:00,PENGEMBANGAN
PJAA,2004-07-02 00:00:00,PENGEMBANGAN
PKPK,2007-07-11 00:00:00,PENGEMBANGAN
PLAS,2001-03-16 00:00:00,PEMANTAUAN KHUSUS
PLIN,1992-06-15 00:00:00,PEMANTAUAN KHUSUS
PNBN,29 Des 1982,UTAMA
PNBS,2014-01-15 00:00:00,PENGEMBANGAN
PNIN,1983-09-20 00:00:00,UTAMA
PNLF,1983-06-14 00:00:00,UTAMA
PNSE,01 Mei 1990,PENGEMBANGAN
POLY,1991-03-12 00:00:00,PEMANTAUAN KHUSUS
POOL,20 Mei 1991,PEMANTAUAN KHUSUS
PPRO,19 Mei 2015,PEMANTAUAN KHUSUS
PSAB,2003-04-22 00:00:00,PENGEMBANGAN
PSDN,18 Okt 1994,PENGEMBANGAN
PSKT,1995-09-19 00:00:00,PENGEMBANGAN
PTBA,23 Des 2002,UTAMA
PTIS,2011-07-12 00:00:00,PENGEMBANGAN
PTPP,2010-02-09 00:00:00,UTAMA
PTRO,21 Mei 1990,UTAMA
PTSN,2007-11-08 00:00:00,PENGEMBANGAN
PTSP,30 Mei 1994,PENGEMBANGAN
PUDP,1994-11-18 00:00:00,PENGEMBANGAN
PWON,09 Okt 1989,UTAMA
PYFA,16 Okt 2001,PENGEMBANGAN
RAJA,2006-04-19 00:00:00,UTAMA
RALS,1996-07-24 00:00:00,UTAMA
RANC,2012-06-07 00:00:00,PENGEMBANGAN
RBMS,19 Des 1997,PEMANTAUAN KHUSUS
RDTX,14 Mei 1990,PENGEMBANGAN
RELI,2005-07-13 00:00:00,PENGEMBANGAN
RICY,1998-01-22 00:00:00,PEMANTAUAN KHUSUS
RIGS,1990-03-05 00:00:00,PENGEMBANGAN
RIMO,2000-11-10 00:00:00,PEMANTAUAN KHUSUS
RODA,22 Okt 2001,PEMANTAUAN KHUSUS
ROTI,2010-06-28 00:00:00,PENGEMBANGAN
RUIS,2006-07-12 00:00:00,PENGEMBANGAN
SAFE,15 Agt 1994,PENGEMBANGAN
SAME,2013-01-11 00:00:00,UTAMA
SCCO,1982-07-20 00:00:00,PENGEMBANGAN
SCMA,2002-07-16 00:00:00,UTAMA
SCPI,1990-06-08 00:00:00,PEMANTAUAN KHUSUS
SDMU,2011-07-12 00:00:00,PENGEMBANGAN
SDPC,07 Mei 1990,PENGEMBANGAN
SDRA,15 Des 2006,PENGEMBANGAN
SGRO,2007-06-18 00:00:00,UTAMA
SHID,08 Mei 1990,PENGEMBANGAN
SIDO,18 Des 2013,UTAMA
SILO,2013-09-12 00:00:00,UTAMA
SIMA,1994-06-03 00:00:00,PEMANTAUAN KHUSUS
SIMP,2011-06-09 00:00:00,UTAMA
SIPD,27 Des 1996,PEMANTAUAN KHUSUS
SKBM,2012-09-28 00:00:00,PENGEMBANGAN
SKLT,1993-09-08 00:00:00,PENGEMBANGAN
SKYB,2010-07-07 00:00:00,PEMANTAUAN KHUSUS
SMAR,1992-11-20 00:00:00,UTAMA
SMBR,2013-06-28 00:00:00,UTAMA
SMCB,10 Agt 1977,PEMANTAUAN KHUSUS
SMDM,12 Okt 1995,PENGEMBANGAN
SMDR,1999-07-05 00:00:00,UTAMA
SMGR,1991-07-08 00:00:00,UTAMA
SMMA,1995-07-05 00:00:00,UTAMA
SMMT,01 Des 1997,PENGEMBANGAN
SMRA,07 Mei 1990,UTAMA
SMRU,10 Okt 2011,PEMANTAUAN KHUSUS
SMSM,1996-09-09 00:00:00,UTAMA
SOCI,03 Des 2014,PENGEMBANGAN
SONA,1992-07-21 00:00:00,PENGEMBANGAN
SPMA,1994-11-16 00:00:00,PENGEMBANGAN
SQMI,2004-07-15 00:00:00,PEMANTAUAN KHUSUS
SRAJ,2011-04-11 00:00:00,PENGEMBANGAN
SRIL,2013-06-17 00:00:00,PEMANTAUAN KHUSUS
SRSN,1993-01-11 00:00:00,PENGEMBANGAN
SRTG,2013-06-26 00:00:00,UTAMA
SSIA,1997-03-27 00:00:00,UTAMA
SSMS,12 Des 2013,UTAMA
SSTM,20 Agt 1997,PENGEMBANGAN
STAR,2011-07-13 00:00:00,PENGEMBANGAN
STTP,16 Des 1996,PENGEMBANGAN
SUGI,2002-06-19 00:00:00,PEMANTAUAN KHUSUS
SULI,1994-03-21 00:00:00,PENGEMBANGAN
SUPR,11 Okt 2011,PEMANTAUAN KHUSUS
TALF,2014-01-17 00:00:00,PENGEMBANGAN
TARA,2014-07-11 00:00:00,PEMANTAUAN KHUSUS
TAXI,2012-11-02 00:00:00,PEMANTAUAN KHUSUS
TBIG,26 Okt 2010,UTAMA
TBLA,2000-02-14 00:00:00,UTAMA
TBMS,23 Mei 1990,PENGEMBANGAN
TCID,1993-09-30 00:00:00,PENGEMBANGAN
TELE,2012-01-12 00:00:00,PEMANTAUAN KHUSUS
TFCO,1980-02-26 00:00:00,PEMANTAUAN KHUSUS
TGKA,1990-06-11 00:00:00,PENGEMBANGAN
TIFA,2011-07-08 00:00:00,PENGEMBANGAN
TINS,19 Okt 1995,UTAMA
TIRA,1993-07-27 00:00:00,PENGEMBANGAN
TIRT,13 Des 1999,PEMANTAUAN KHUSUS
TKIM,1990-04-03 00:00:00,UTAMA
TLKM,1995-11-14 00:00:00,UTAMA
TMAS,2003-07-09 00:00:00,UTAMA
TMPO,2001-01-08 00:00:00,PENGEMBANGAN
TOBA,2012-07-06 00:00:00,UTAMA
TOTL,2006-07-25 00:00:00,UTAMA
TOTO,30 Okt 1990,PENGEMBANGAN
TOWR,2010-03-08 00:00:00,UTAMA
TPIA,26 Mei 2008,PENGEMBANGAN
TPMA,2013-02-20 00:00:00,UTAMA
TRAM,2008-09-10 00:00:00,PEMANTAUAN KHUSUS
TRIL,2008-01-28 00:00:00,PEMANTAUAN KHUSUS
TRIM,2000-01-31 00:00:00,UTAMA
TRIO,2009-04-14 00:00:00,PEMANTAUAN KHUSUS
TRIS,2012-06-28 00:00:00,PENGEMBANGAN
TRST,1990-07-02 00:00:00,PENGEMBANGAN
TRUS,2002-11-28 00:00:00,PENGEMBANGAN
TSPC,1994-06-17 00:00:00,UTAMA
ULTJ,1990-07-02 00:00:00,UTAMA
UNIC,1989-11-06 00:00:00,UTAMA
UNIT,2002-04-18 00:00:00,PENGEMBANGAN
UNSP,1990-03-06 00:00:00,PEMANTAUAN KHUSUS
UNTR,1989-09-19 00:00:00,UTAMA
UNVR,1982-01-11 00:00:00,UTAMA
VICO,2013-07-08 00:00:00,UTAMA
VINS,2015-09-28 00:00:00,PENGEMBANGAN
VIVA,2011-11-21 00:00:00,PEMANTAUAN KHUSUS
VOKS,20 Des 1990,PENGEMBANGAN
VRNA,2008-06-25 00:00:00,PENGEMBANGAN
WAPO,2001-06-22 00:00:00,PENGEMBANGAN
WEHA,31 Mei 2007,PENGEMBANGAN
WICO,08 Agt 1994,PEMANTAUAN KHUSUS
WIIM,18 Des 2012,UTAMA
WIKA,29 Okt 2007,PEMANTAUAN KHUSUS
WINS,2010-11-29 00:00:00,UTAMA
WOMF,13 Des 2004,PENGEMBANGAN
WSKT,19 Des 2012,PEMANTAUAN KHUSUS
WTON,2014-04-08 00:00:00,UTAMA
YPAS,2008-03-05 00:00:00,PENGEMBANGAN
YULE,10 Des 2004,PENGEMBANGAN
ZBRA,01 Agt 1991,PEMANTAUAN KHUSUS
SHIP,2016-06-16 00:00:00,UTAMA
CASA,2016-07-19 00:00:00,PENGEMBANGAN
DAYA,2016-06-28 00:00:00,PENGEMBANGAN
DPUM,08 Des 2015,PENGEMBANGAN
IDPR,10 Des 2015,PENGEMBANGAN
JGLE,2016-06-29 00:00:00,PEMANTAUAN KHUSUS
KINO,11 Des 2015,PENGEMBANGAN
MARI,2016-02-11 00:00:00,PEMANTAUAN KHUSUS
MKNT,26 Okt 2015,PEMANTAUAN KHUSUS
MTRA,2016-02-10 00:00:00,PEMANTAUAN KHUSUS
OASA,2016-07-18 00:00:00,PENGEMBANGAN
POWR,2016-06-14 00:00:00,UTAMA
INCF,2016-09-06 00:00:00,PEMANTAUAN KHUSUS
WSBP,2016-09-20 00:00:00,PEMANTAUAN KHUSUS
PBSA,2016-09-28 00:00:00,PENGEMBANGAN
PRDA,07 Des 2016,UTAMA
BOGA,19 Des 2016,PENGEMBANGAN
BRIS,09 Mei 2018,UTAMA
PORT,2017-03-16 00:00:00,PENGEMBANGAN
CARS,2017-04-10 00:00:00,UTAMA
MINA,2017-04-28 00:00:00,PENGEMBANGAN
CLEO,05 Mei 2017,UTAMA
TAMU,10 Mei 2017,PEMANTAUAN KHUSUS
CSIS,10 Mei 2017,PENGEMBANGAN
TGRA,16 Mei 2017,PEMANTAUAN KHUSUS
FIRE,2017-06-09 00:00:00,PENGEMBANGAN
TOPS,2017-06-16 00:00:00,PEMANTAUAN KHUSUS
KMTR,2017-06-19 00:00:00,PENGEMBANGAN
ARMY,2017-06-21 00:00:00,PEMANTAUAN KHUSUS
MAPB,2017-06-21 00:00:00,PENGEMBANGAN
WOOD,2017-06-21 00:00:00,UTAMA
HRTA,2017-06-21 00:00:00,UTAMA
MABA,2017-06-22 00:00:00,PEMANTAUAN KHUSUS
HOKI,2017-06-22 00:00:00,PENGEMBANGAN
MPOW,2017-07-05 00:00:00,PENGEMBANGAN
MARK,2017-07-12 00:00:00,UTAMA
NASA,07 Agt 2017,PEMANTAUAN KHUSUS
MDKI,2017-09-25 00:00:00,PENGEMBANGAN
BELL,03 Okt 2017,PENGEMBANGAN
KIOS,05 Okt 2017,PEMANTAUAN KHUSUS
GMFI,10 Okt 2017,PEMANTAUAN KHUSUS
MTWI,12 Okt 2017,PENGEMBANGAN
ZINC,16 Okt 2017,PEMANTAUAN KHUSUS
MCAS,2017-11-01 00:00:00,UTAMA
PPRE,2017-11-24 00:00:00,PENGEMBANGAN
WEGE,2017-11-30 00:00:00,PENGEMBANGAN
PSSI,05 Des 2017,UTAMA
MORA,08 Agt 2022,UTAMA
DWGL,13 Des 2017,PENGEMBANGAN
PBID,13 Des 2017,UTAMA
JMAS,18 Des 2017,PENGEMBANGAN
CAMP,19 Des 2017,PENGEMBANGAN
IPCM,22 Des 2017,UTAMA
PCAR,29 Des 2017,PEMANTAUAN KHUSUS
LCKM,2018-01-16 00:00:00,PENGEMBANGAN
BOSS,2018-02-15 00:00:00,PEMANTAUAN KHUSUS
HELI,2018-03-27 00:00:00,PENGEMBANGAN
JSKY,2018-03-28 00:00:00,PEMANTAUAN KHUSUS
INPS,2018-04-06 00:00:00,PEMANTAUAN KHUSUS
GHON,2018-04-09 00:00:00,PENGEMBANGAN
TDPM,2018-04-09 00:00:00,PEMANTAUAN KHUSUS
DFAM,2018-04-27 00:00:00,PENGEMBANGAN
NICK,02 Mei 2018,PENGEMBANGAN
BTPS,08 Mei 2018,UTAMA
SPTO,14 Mei 2018,UTAMA
PRIM,15 Mei 2018,PENGEMBANGAN
HEAL,16 Mei 2018,UTAMA
TRUK,23 Mei 2018,PENGEMBANGAN
PZZA,23 Mei 2018,PENGEMBANGAN
TUGU,28 Mei 2018,UTAMA
MSIN,2018-06-08 00:00:00,UTAMA
SWAT,2018-06-08 00:00:00,PEMANTAUAN KHUSUS
TNCA,2018-06-28 00:00:00,PENGEMBANGAN
MAPA,2018-07-05 00:00:00,UTAMA
TCPI,2018-07-06 00:00:00,PENGEMBANGAN
IPCC,2018-07-09 00:00:00,UTAMA
RISE,2018-07-09 00:00:00,PENGEMBANGAN
BPTR,2018-07-09 00:00:00,PENGEMBANGAN
POLL,2018-07-11 00:00:00,PEMANTAUAN KHUSUS
NFCX,2018-07-12 00:00:00,PENGEMBANGAN
MGRO,2018-07-12 00:00:00,PENGEMBANGAN
NUSA,2018-07-12 00:00:00,PEMANTAUAN KHUSUS
FILM,07 Agt 2018,UTAMA
ANDI,16 Agt 2018,PEMANTAUAN KHUSUS
LAND,23 Agt 2018,PEMANTAUAN KHUSUS
MOLI,30 Agt 2018,PENGEMBANGAN
PANI,2018-09-18 00:00:00,UTAMA
DIGI,2018-09-18 00:00:00,PEMANTAUAN KHUSUS
CITY,2018-09-28 00:00:00,PENGEMBANGAN
SAPX,03 Okt 2018,PENGEMBANGAN
SURE,05 Okt 2018,PENGEMBANGAN
HKMU,09 Okt 2018,PEMANTAUAN KHUSUS
MPRO,09 Okt 2018,PENGEMBANGAN
DUCK,10 Okt 2018,PEMANTAUAN KHUSUS
GOOD,10 Okt 2018,UTAMA
SKRN,11 Okt 2018,UTAMA
YELO,29 Okt 2018,PEMANTAUAN KHUSUS
CAKK,31 Okt 2018,PENGEMBANGAN
SATU,2018-11-05 00:00:00,PENGEMBANGAN
SOSS,2018-11-06 00:00:00,PEMANTAUAN KHUSUS
DEAL,2018-11-11 00:00:00,PEMANTAUAN KHUSUS
POLA,2018-11-16 00:00:00,PEMANTAUAN KHUSUS
DIVA,2018-11-27 00:00:00,PENGEMBANGAN
LUCK,2018-11-28 00:00:00,PENGEMBANGAN
URBN,10 Des 2018,PENGEMBANGAN
SOTS,10 Des 2018,PENGEMBANGAN
ZONE,12 Des 2018,PENGEMBANGAN
PEHA,26 Des 2018,PENGEMBANGAN
FOOD,2019-01-08 00:00:00,PEMANTAUAN KHUSUS
BEEF,2019-01-10 00:00:00,PENGEMBANGAN
POLI,2019-01-10 00:00:00,PEMANTAUAN KHUSUS
CLAY,2019-01-18 00:00:00,PENGEMBANGAN
NATO,2019-01-18 00:00:00,PEMANTAUAN KHUSUS
JAYA,2019-02-21 00:00:00,PENGEMBANGAN
COCO,2019-03-20 00:00:00,PENGEMBANGAN
MTPS,2019-04-10 00:00:00,PEMANTAUAN KHUSUS
CPRI,2019-04-11 00:00:00,PEMANTAUAN KHUSUS
HRME,2019-04-12 00:00:00,PEMANTAUAN KHUSUS
POSA,10 Mei 2019,PEMANTAUAN KHUSUS
JAST,16 Mei 2019,PENGEMBANGAN
FITT,2019-06-11 00:00:00,PENGEMBANGAN
BOLA,2019-06-17 00:00:00,UTAMA
CCSI,2019-06-18 00:00:00,PENGEMBANGAN
SFAN,2019-06-19 00:00:00,PENGEMBANGAN
POLU,2019-06-26 00:00:00,PENGEMBANGAN
KJEN,2019-07-01 00:00:00,PENGEMBANGAN
KAYU,2019-07-04 00:00:00,PEMANTAUAN KHUSUS
ITIC,2019-07-04 00:00:00,PENGEMBANGAN
PAMG,2019-07-05 00:00:00,PENGEMBANGAN
IPTV,2019-07-08 00:00:00,PEMANTAUAN KHUSUS
BLUE,2019-07-08 00:00:00,PENGEMBANGAN
ENVY,2019-07-08 00:00:00,PEMANTAUAN KHUSUS
EAST,2019-07-09 00:00:00,PENGEMBANGAN
LIFE,2019-07-09 00:00:00,PENGEMBANGAN
FUJI,2019-07-09 00:00:00,PENGEMBANGAN
KOTA,2019-07-09 00:00:00,PEMANTAUAN KHUSUS
INOV,2019-07-10 00:00:00,PENGEMBANGAN
ARKA,2019-07-10 00:00:00,PEMANTAUAN KHUSUS
SMKL,2019-07-11 00:00:00,PENGEMBANGAN
HDIT,2019-07-12 00:00:00,PENGEMBANGAN
KEEN,2019-09-02 00:00:00,UTAMA
BAPI,2019-09-16 00:00:00,PEMANTAUAN KHUSUS
TFAS,2019-09-17 00:00:00,PENGEMBANGAN
GGRP,2019-09-19 00:00:00,PENGEMBANGAN
OPMS,2019-09-23 00:00:00,PENGEMBANGAN
NZIA,2019-09-25 00:00:00,PENGEMBANGAN
SLIS,07 Okt 2019,PENGEMBANGAN
PURE,09 Okt 2019,PEMANTAUAN KHUSUS
IRRA,15 Okt 2019,PENGEMBANGAN
DMMX,21 Okt 2019,PENGEMBANGAN
SINI,2019-11-08 00:00:00,PEMANTAUAN KHUSUS
WOWS,2019-11-08 00:00:00,PENGEMBANGAN
ESIP,2019-11-14 00:00:00,PENGEMBANGAN
TEBE,2019-11-18 00:00:00,UTAMA
KEJU,2019-11-25 00:00:00,UTAMA
PSGO,2019-11-25 00:00:00,UTAMA
AGAR,02 Des 2019,PENGEMBANGAN
IFSH,05 Des 2019,PENGEMBANGAN
REAL,06 Des 2019,PENGEMBANGAN
IFII,10 Des 2019,PENGEMBANGAN
PMJS,18 Des 2019,PENGEMBANGAN
UCID,20 Des 2019,UTAMA
GLVA,23 Des 2019,PENGEMBANGAN
PGJO,2020-01-08 00:00:00,AKSELERASI
AMAR,2020-01-09 00:00:00,PENGEMBANGAN
CSRA,2020-01-09 00:00:00,UTAMA
INDO,2020-01-13 00:00:00,PENGEMBANGAN
AMOR,2020-01-14 00:00:00,PENGEMBANGAN
TRIN,2020-01-15 00:00:00,PENGEMBANGAN
DMND,2020-01-22 00:00:00,PENGEMBANGAN
PURA,2020-01-29 00:00:00,PEMANTAUAN KHUSUS
PTPW,2020-02-07 00:00:00,PENGEMBANGAN
TAMA,2020-02-10 00:00:00,PEMANTAUAN KHUSUS
IKAN,2020-02-12 00:00:00,PENGEMBANGAN
SAMF,2020-03-31 00:00:00,UTAMA
SBAT,2020-04-08 00:00:00,PEMANTAUAN KHUSUS
KBAG,2020-04-08 00:00:00,PEMANTAUAN KHUSUS
CBMF,2020-04-09 00:00:00,PEMANTAUAN KHUSUS
RONY,2020-04-09 00:00:00,PENGEMBANGAN
CSMI,2020-04-09 00:00:00,PENGEMBANGAN
BBSS,2020-04-15 00:00:00,PENGEMBANGAN
BHAT,2020-04-15 00:00:00,PENGEMBANGAN
CASH,04 Mei 2020,AKSELERASI
TECH,2020-06-04 00:00:00,PEMANTAUAN KHUSUS
EPAC,2020-07-01 00:00:00,PEMANTAUAN KHUSUS
UANG,2020-07-06 00:00:00,PENGEMBANGAN
PGUN,2020-07-07 00:00:00,PENGEMBANGAN
SOFA,2020-07-07 00:00:00,AKSELERASI
PPGL,2020-07-20 00:00:00,AKSELERASI
TOYS,06 Agt 2020,PEMANTAUAN KHUSUS
SGER,10 Agt 2020,UTAMA
TRJA,27 Agt 2020,PENGEMBANGAN
PNGO,31 Agt 2020,UTAMA
SCNP,2020-09-07 00:00:00,PENGEMBANGAN
BBSI,2020-09-07 00:00:00,UTAMA
KMDS,2020-09-07 00:00:00,PENGEMBANGAN
PURI,2020-09-08 00:00:00,PENGEMBANGAN
SOHO,2020-09-08 00:00:00,PENGEMBANGAN
HOMI,2020-09-10 00:00:00,PENGEMBANGAN
ROCK,2020-09-10 00:00:00,PENGEMBANGAN
ENZO,2020-09-14 00:00:00,PEMANTAUAN KHUSUS
PLAN,2020-09-15 00:00:00,AKSELERASI
PTDU,08 Des 2020,PEMANTAUAN KHUSUS
ATAP,11 Des 2020,PENGEMBANGAN
VICI,17 Des 2020,UTAMA
PMMP,18 Des 2020,PEMANTAUAN KHUSUS
BANK,2021-02-01 00:00:00,PENGEMBANGAN
WMUU,2021-02-02 00:00:00,PEMANTAUAN KHUSUS
EDGE,2021-02-08 00:00:00,PENGEMBANGAN
UNIQ,2021-03-08 00:00:00,UTAMA
BEBS,2021-03-10 00:00:00,PEMANTAUAN KHUSUS
SNLK,2021-03-29 00:00:00,PENGEMBANGAN
ZYRX,2021-03-30 00:00:00,PENGEMBANGAN
LFLO,2021-04-07 00:00:00,AKSELERASI
FIMP,2021-04-09 00:00:00,PEMANTAUAN KHUSUS
TAPG,2021-04-12 00:00:00,UTAMA
NPGF,2021-04-14 00:00:00,PENGEMBANGAN
LUCY,05 Mei 2021,AKSELERASI
ADCP,21 Mei 2021,PENGEMBANGAN
HOPE,24 Mei 2021,PENGEMBANGAN
MGLV,2021-06-08 00:00:00,PEMANTAUAN KHUSUS
True,2021-06-10 00:00:00,PENGEMBANGAN
LABA,2021-06-10 00:00:00,PENGEMBANGAN
ARCI,2021-06-28 00:00:00,PENGEMBANGAN
IPAC,2021-06-30 00:00:00,AKSELERASI
MASB,2021-06-30 00:00:00,PENGEMBANGAN
BMHS,2021-07-06 00:00:00,UTAMA
FLMC,2021-07-08 00:00:00,AKSELERASI
NICL,2021-07-09 00:00:00,PENGEMBANGAN
UVCR,2021-07-27 00:00:00,PENGEMBANGAN
BUKA,06 Agt 2021,EKONOMI BARU
HAIS,2021-09-01 00:00:00,PENGEMBANGAN
OILS,2021-09-06 00:00:00,PENGEMBANGAN
GPSO,2021-09-06 00:00:00,PENGEMBANGAN
MCOL,2021-09-07 00:00:00,UTAMA
RSGK,2021-09-08 00:00:00,PEMANTAUAN KHUSUS
RUNS,2021-09-08 00:00:00,AKSELERASI
SBMA,2021-09-08 00:00:00,PENGEMBANGAN
CMNT,2021-09-08 00:00:00,PENGEMBANGAN
GTSI,2021-09-08 00:00:00,UTAMA
IDEA,2021-09-09 00:00:00,AKSELERASI
KUAS,25 Okt 2021,PENGEMBANGAN
BOBA,2021-11-01 00:00:00,PENGEMBANGAN
MTEL,2021-11-22 00:00:00,UTAMA
DEPO,2021-11-25 00:00:00,PENGEMBANGAN
BINO,2021-11-25 00:00:00,PENGEMBANGAN
CMRY,06 Des 2021,UTAMA
WGSH,06 Des 2021,AKSELERASI
TAYS,06 Des 2021,PENGEMBANGAN
WMPP,06 Des 2021,PEMANTAUAN KHUSUS
RMKE,07 Des 2021,UTAMA
OBMD,08 Des 2021,PENGEMBANGAN
AVIA,08 Des 2021,UTAMA
IPPE,09 Des 2021,PEMANTAUAN KHUSUS
NASI,13 Des 2021,PENGEMBANGAN
BSML,16 Des 2021,PENGEMBANGAN
DRMA,20 Des 2021,UTAMA
ADMR,2022-01-03 00:00:00,UTAMA
SEMA,2022-01-10 00:00:00,PENGEMBANGAN
ASLC,2022-01-25 00:00:00,PENGEMBANGAN
NETV,2022-01-26 00:00:00,PENGEMBANGAN
BAUT,2022-01-28 00:00:00,PEMANTAUAN KHUSUS
ENAK,2022-02-08 00:00:00,PENGEMBANGAN
NTBK,2022-02-09 00:00:00,PENGEMBANGAN
SMKM,2022-03-09 00:00:00,AKSELERASI
STAA,2022-03-10 00:00:00,UTAMA
NANO,2022-03-10 00:00:00,AKSELERASI
BIKE,2022-03-21 00:00:00,PENGEMBANGAN
WIRG,2022-04-04 00:00:00,PENGEMBANGAN
SICO,2022-04-08 00:00:00,PENGEMBANGAN
GOTO,2022-04-11 00:00:00,EKONOMI BARU
TLDN,2022-04-12 00:00:00,PENGEMBANGAN
MTMH,2022-04-20 00:00:00,UTAMA
WINR,2022-04-25 00:00:00,PEMANTAUAN KHUSUS
IBOS,2022-04-25 00:00:00,AKSELERASI
OLIV,17 Mei 2022,AKSELERASI
ASHA,27 Mei 2022,PENGEMBANGAN
SWID,2022-07-07 00:00:00,PENGEMBANGAN
TRGU,2022-07-08 00:00:00,UTAMA
ARKO,2022-07-08 00:00:00,PENGEMBANGAN
CHEM,2022-07-08 00:00:00,PENGEMBANGAN
DEWI,2022-07-18 00:00:00,PENGEMBANGAN
AXIO,2022-07-20 00:00:00,PENGEMBANGAN
KRYA,2022-07-25 00:00:00,PENGEMBANGAN
HATM,2022-07-26 00:00:00,UTAMA
RCCC,02 Agt 2022,AKSELERASI
GULA,03 Agt 2022,PENGEMBANGAN
JARR,04 Agt 2022,UTAMA
AMMS,04 Agt 2022,AKSELERASI
RAFI,05 Agt 2022,PEMANTAUAN KHUSUS
KKES,08 Agt 2022,PEMANTAUAN KHUSUS
ELPI,08 Agt 2022,UTAMA
EURO,08 Agt 2022,AKSELERASI
KLIN,09 Agt 2022,AKSELERASI
TOOL,09 Agt 2022,PENGEMBANGAN
BUAH,09 Agt 2022,PENGEMBANGAN
CRAB,10 Agt 2022,PENGEMBANGAN
MEDS,10 Agt 2022,PENGEMBANGAN
COAL,2022-09-07 00:00:00,PENGEMBANGAN
PRAY,2022-11-08 00:00:00,PENGEMBANGAN
CBUT,2022-11-08 00:00:00,PENGEMBANGAN
BELI,2022-11-08 00:00:00,EKONOMI BARU
MKTR,2022-11-08 00:00:00,UTAMA
OMED,2022-11-08 00:00:00,UTAMA
BSBK,2022-11-08 00:00:00,PENGEMBANGAN
PDPP,2022-11-09 00:00:00,PENGEMBANGAN
KDTN,2022-11-09 00:00:00,PENGEMBANGAN
ZATA,2022-11-10 00:00:00,PENGEMBANGAN
NINE,05 Des 2022,AKSELERASI
MMIX,06 Des 2022,PENGEMBANGAN
PADA,08 Des 2022,PENGEMBANGAN
ISAP,09 Des 2022,AKSELERASI
VTNY,15 Des 2022,PENGEMBANGAN
SOUL,2023-01-06 00:00:00,AKSELERASI
ELIT,2023-01-06 00:00:00,PENGEMBANGAN
BEER,2023-01-06 00:00:00,PENGEMBANGAN
CBPE,2023-01-06 00:00:00,PENGEMBANGAN
SUNI,2023-01-09 00:00:00,UTAMA
CBRE,2023-01-09 00:00:00,PENGEMBANGAN
WINE,2023-01-10 00:00:00,PENGEMBANGAN
BMBL,2023-01-11 00:00:00,AKSELERASI
PEVE,2023-01-24 00:00:00,PENGEMBANGAN
LAJU,2023-01-27 00:00:00,PENGEMBANGAN
FWCT,2023-02-01 00:00:00,PENGEMBANGAN
NAYZ,2023-02-06 00:00:00,AKSELERASI
IRSX,2023-02-07 00:00:00,PENGEMBANGAN
PACK,2023-02-08 00:00:00,AKSELERASI
VAST,2023-02-08 00:00:00,PENGEMBANGAN
CHIP,2023-02-08 00:00:00,AKSELERASI
HALO,2023-02-08 00:00:00,PENGEMBANGAN
KING,2023-02-16 00:00:00,AKSELERASI
PGEO,2023-02-24 00:00:00,UTAMA
FUTR,2023-02-27 00:00:00,PENGEMBANGAN
HILL,2023-03-01 00:00:00,UTAMA
BDKR,2023-03-03 00:00:00,UTAMA
PTMP,2023-03-06 00:00:00,PENGEMBANGAN
SAGE,2023-03-08 00:00:00,PEMANTAUAN KHUSUS
TRON,2023-03-08 00:00:00,PENGEMBANGAN
CUAN,2023-03-08 00:00:00,UTAMA
NSSS,2023-03-10 00:00:00,PENGEMBANGAN
GTRA,2023-03-30 00:00:00,PENGEMBANGAN
HAJJ,2023-04-05 00:00:00,AKSELERASI
JATI,08 Mei 2023,PENGEMBANGAN
TYRE,08 Mei 2023,PENGEMBANGAN
MPXL,09 Mei 2023,PENGEMBANGAN
SMIL,12 Mei 2023,UTAMA
KLAS,2023-06-12 00:00:00,PENGEMBANGAN
MAXI,2023-06-12 00:00:00,PENGEMBANGAN
VKTR,2023-06-19 00:00:00,PENGEMBANGAN
RELF,2023-06-22 00:00:00,AKSELERASI
AMMN,2023-07-07 00:00:00,UTAMA
CRSN,2023-07-10 00:00:00,PENGEMBANGAN
GRPM,2023-07-10 00:00:00,AKSELERASI
WIDI,2023-07-10 00:00:00,AKSELERASI
TGUK,2023-07-10 00:00:00,PEMANTAUAN KHUSUS
INET,2023-07-24 00:00:00,PENGEMBANGAN
MAHA,2023-07-25 00:00:00,UTAMA
RMKO,2023-07-31 00:00:00,PEMANTAUAN KHUSUS
CNMA,02 Agt 2023,PENGEMBANGAN
FOLK,07 Agt 2023,PENGEMBANGAN
HBAT,07 Agt 2023,AKSELERASI
GRIA,08 Agt 2023,PENGEMBANGAN
PPRI,08 Agt 2023,PENGEMBANGAN
ERAL,08 Agt 2023,UTAMA
CYBR,08 Agt 2023,PENGEMBANGAN
MUTU,09 Agt 2023,PENGEMBANGAN
LMAX,09 Agt 2023,AKSELERASI
HUMI,09 Agt 2023,PENGEMBANGAN
MSIE,10 Agt 2023,AKSELERASI
RSCH,28 Agt 2023,PENGEMBANGAN
BABY,2023-09-07 00:00:00,PENGEMBANGAN
AEGS,2023-09-11 00:00:00,AKSELERASI
IOTF,06 Okt 2023,PENGEMBANGAN
KOCI,07 Okt 2023,PENGEMBANGAN
PTPS,09 Okt 2023,PENGEMBANGAN
BREN,09 Okt 2023,UTAMA
STRK,10 Okt 2023,PENGEMBANGAN
KOKA,11 Okt 2023,PENGEMBANGAN
LOPI,11 Okt 2023,AKSELERASI
UDNG,31 Okt 2023,AKSELERASI
RGAS,2023-11-08 00:00:00,PENGEMBANGAN
MSTI,2023-11-08 00:00:00,UTAMA
IKPM,2023-11-08 00:00:00,PENGEMBANGAN
AYAM,2023-11-30 00:00:00,PENGEMBANGAN
SURI,07 Des 2023,PENGEMBANGAN
ASLI,2024-01-05 00:00:00,PENGEMBANGAN
GRPH,2024-01-17 00:00:00,PENGEMBANGAN
SMGA,2024-01-30 00:00:00,PENGEMBANGAN
UNTD,2024-02-07 00:00:00,PENGEMBANGAN
TOSK,2024-02-07 00:00:00,PENGEMBANGAN
MPIX,2024-02-07 00:00:00,PENGEMBANGAN
ALII,2024-02-07 00:00:00,UTAMA
MKAP,2024-02-12 00:00:00,PENGEMBANGAN
MEJA,2024-02-12 00:00:00,AKSELERASI
LIVE,2024-02-12 00:00:00,PENGEMBANGAN
HYGN,2024-02-13 00:00:00,PENGEMBANGAN
BAIK,2024-02-15 00:00:00,PENGEMBANGAN
VISI,2024-02-27 00:00:00,PENGEMBANGAN
AREA,2024-04-01 00:00:00,PENGEMBANGAN
MHKI,2024-04-16 00:00:00,PENGEMBANGAN
ATLA,2024-04-16 00:00:00,PENGEMBANGAN
DATA,07 Mei 2024,PENGEMBANGAN
SOLA,08 Mei 2024,PENGEMBANGAN
BATR,2024-06-10 00:00:00,PENGEMBANGAN
SPRE,2024-07-03 00:00:00,AKSELERASI
PART,2024-07-05 00:00:00,PENGEMBANGAN
GOLF,2024-07-08 00:00:00,UTAMA
ISEA,2024-07-08 00:00:00,PENGEMBANGAN
BLES,2024-07-08 00:00:00,PENGEMBANGAN
GUNA,2024-07-09 00:00:00,PENGEMBANGAN
LABS,2024-07-10 00:00:00,PENGEMBANGAN
DOSS,07 Agt 2024,PENGEMBANGAN
NEST,08 Agt 2024,PENGEMBANGAN
PTMR,08 Okt 2024,PEMANTAUAN KHUSUS
VERN,08 Okt 2024,PENGEMBANGAN
DAAZ,2024-11-11 00:00:00,UTAMA
BOAT,2024-11-12 00:00:00,PENGEMBANGAN
NAIK,2024-11-13 00:00:00,PENGEMBANGAN
AADI,05 Des 2024,UTAMA
MDIY,19 Des 2024,UTAMA
KSIX,2025-01-08 00:00:00,PENGEMBANGAN
RATU,2025-01-08 00:00:00,PENGEMBANGAN
YOII,2025-01-08 00:00:00,PENGEMBANGAN
HGII,2025-01-09 00:00:00,PENGEMBANGAN
BRRC,2025-01-09 00:00:00,PENGEMBANGAN
DGWG,2025-01-13 00:00:00,UTAMA
CBDK,2025-01-13 00:00:00,UTAMA
OBAT,2025-01-13 00:00:00,PENGEMBANGAN
MINE,2025-03-10 00:00:00,UTAMA
ASPR,2025-07-08 00:00:00,PENGEMBANGAN
PSAT,2025-07-08 00:00:00,UTAMA
COIN,2025-07-09 00:00:00,PENGEMBANGAN
CDIA,2025-07-09 00:00:00,PENGEMBANGAN
BLOG,2025-07-10 00:00:00,UTAMA
MERI,2025-07-10 00:00:00,PENGEMBANGAN
CHEK,2025-07-10 00:00:00,PENGEMBANGAN
PMUI,2025-07-10 00:00:00,PENGEMBANGAN
EMAS,2025-09-23 00:00:00,PENGEMBANGAN
PJHB,2025-11-06 00:00:00,PENGEMBANGAN
RLCO,08 Des 2025,PENGEMBANGAN
SUPA,17 Des 2025,PENGEMBANGAN
KAQI,2025-03-10 00:00:00,PENGEMBANGAN
YUPI,2025-03-25 00:00:00,UTAMA
FORE,2025-04-14 00:00:00,PENGEMBANGAN
MDLA,2025-04-15 00:00:00,UTAMA
DKHH,08 Mei 2025,PENGEMBANGAN
AYLS,2020-02-12 00:00:00,PENGEMBANGAN
DADA,2020-02-14 00:00:00,PENGEMBANGAN
ASPI,2020-02-17 00:00:00,PENGEMBANGAN
ESTA,2020-03-09 00:00:00,PEMANTAUAN KHUSUS
BESS,2020-03-09 00:00:00,PENGEMBANGAN
AMAN,2020-03-13 00:00:00,PENGEMBANGAN
CARE,2020-03-13 00:00:00,PENGEMBANGAN
PIPA,2023-04-10 00:00:00,PENGEMBANGAN
NCKL,2023-04-12 00:00:00,UTAMA
MENN,2023-04-18 00:00:00,AKSELERASI
AWAN,2023-04-18 00:00:00,PENGEMBANGAN
MBMA,2023-04-18 00:00:00,UTAMA
RAAM,08 Mei 2023,UTAMA
DOOH,08 Mei 2023,PENGEMBANGAN
CGAS,2024-01-08 00:00:00,PENGEMBANGAN
NICE,2024-01-09 00:00:00,PENGEMBANGAN
MSJA,2024-01-10 00:00:00,PENGEMBANGAN
SMLE,2024-01-10 00:00:00,PENGEMBANGAN
ACRO,2024-01-11 00:00:00,PENGEMBANGAN
MANG,2024-01-11 00:00:00,AKSELERASI
WIFI,30 Des 2020,PENGEMBANGAN
FAPA,2021-01-04 00:00:00,PENGEMBANGAN
DCII,2021-01-06 00:00:00,PENGEMBANGAN
KETR,2021-01-11 00:00:00,PENGEMBANGAN
DGNS,2021-01-15 00:00:00,PENGEMBANGAN
UFOE,2021-02-01 00:00:00,PENGEMBANGAN
ADMF,2004-03-31 00:00:00,PENGEMBANGAN
ADMG,20 Okt 1993,PENGEMBANGAN
ADRO,2008-07-16 00:00:00,UTAMA
AGII,2016-09-28 00:00:00,PENGEMBANGAN
AGRO,08 Agt 2003,UTAMA
AGRS,22 Des 2014,PENGEMBANGAN
AHAP,1990-09-14 00:00:00,PENGEMBANGAN
AIMS,2001-07-20 00:00:00,PENGEMBANGAN
